all_checks_succeeded,checks_errored,checks_failed,checks_passed,checks_unknown,current_run_applied_at,current_run_external_id,current_run_status,drifted,external_id,module_count,modules,organization_name,project_external_id,project_name,provider_count,providers,resources_drifted,resources_undrifted,state_version_terraform_version,vcs_repo_identifier,workspace_created_at,workspace_name,workspace_terraform_version,workspace_updated_at,workspace_resource_count
"","","","","","","","","false","ws-tbCr663xTMAVKPpE","0","","pthrasher_v2","prj-CLTojP2MXNAzY3eo","Examples","0","","","","","","2020-09-01T16:00:17+00:00","blank","0.13.1","2020-09-01T16:00:17+00:00","0"
"","","","","","2023-05-23T17:30:46+00:00","run-tjnqVUffBC2vaxx6","applied","false","ws-r9XriqiYaXk4Xrfb","2","terraform-aws-modules/s3-bucket/aws:3.10.1, thrashr888/s3-website/aws:0.4.0","pthrasher_v2","prj-HsLh4zMuStY1tbAS","Personal","1","hashicorp/aws:4.67.0","","","1.4.6","thrashr888/cool-website","2018-07-25T20:50:48+00:00","cool-website","latest","2023-08-17T21:06:12+00:00","24"
"","","","","","","","","false","ws-1gTRZy7owD9oFHRr","0","","pthrasher_v2","prj-CLTojP2MXNAzY3eo","Examples","0","","","","","","2018-02-07T20:26:42+00:00","empty-test","0.11.3","2020-03-31T17:56:44+00:00","0"
"","","","","","2023-05-01T23:08:53+00:00","run-6jQTVCyKk3dM7swq","applied","false","ws-euVFQ3kNYJXCQiDX","0","","pthrasher_v2","prj-HsLh4zMuStY1tbAS","Personal","0","","","","0.12.3","thrashr888/home-run","2018-09-17T07:08:31+00:00","home-run","0.12.3","2023-08-14T18:43:52+00:00","13"
"","","","","","","run-UZYXc27EeUaTnnqr","errored","false","ws-QzsCYXdwfJB9AW26","0","","pthrasher_v2","prj-HsLh4zMuStY1tbAS","Personal","0","","","","","thrashr888/my-tfe","2019-07-02T22:53:01+00:00","my-tfe","0.12.3","2023-05-01T23:07:41+00:00","0"
"","","","","","","","","false","ws-cCs3CACvtJ9JNH98","0","","pthrasher_v2","prj-CLTojP2MXNAzY3eo","Examples","0","","","","","","2021-06-07T23:05:38+00:00","NewWorkspace","0.15.5","2023-05-23T19:14:02+00:00","0"
"","","","","","","run-QqN2mUV266N9cPNR","errored","false","ws-GrW72a5na3teF3X6","0","","pthrasher_v2","prj-CLTojP2MXNAzY3eo","Examples","1","hashicorp/aws:4.65.0","","","1.3.9","","2023-02-22T17:37:12+00:00","nocode-aws-website","1.3.9","2023-05-01T23:08:29+00:00","0"
"","","","","","","run-caHKTZxaPG5gDvLE","errored","false","ws-ris3aP7dNYVXkSjr","0","","pthrasher_v2","prj-CLTojP2MXNAzY3eo","Examples","0","","","","","thrashr888/swag-master","2018-03-19T23:21:56+00:00","private-repo","0.11.4","2023-05-01T23:07:59+00:00","0"
"","","","","","","run-7CBj9W8pxa9X2rLZ","plan_queued","false","ws-Fny7af1f12rQeTur","0","","pthrasher_v2","prj-CLTojP2MXNAzY3eo","Examples","0","","","","","thrashr888/tfc-agent-vault-example","2021-09-04T01:10:24+00:00","terraform-agent-vault-example","1.0.6","2023-05-01T23:08:07+00:00","0"
"","","","","","","run-UUiqwZv3wbbWmuwz","policy_checked","false","ws-Pn6jFgirS5GUURu8","0","","pthrasher_v2","prj-TTEdNqvaSNegQijo","Cost Estimation","1","hashicorp/aws:2.70.4","","","1.3.8","thrashr888/terraform-aws-example","2019-01-14T23:59:44+00:00","terraform-aws-example","1.3.8","2023-05-01T23:08:30+00:00","1"
"","","","","","","run-jvHeZn48Sqwk3qzK","errored","false","ws-tjENaDurxhLC7VaT","0","","pthrasher_v2","prj-TTEdNqvaSNegQijo","Cost Estimation","0","","","","","thrashr888/terraform-azure-example","2019-10-11T23:14:36+00:00","terraform-azure-example","0.15.5","2023-05-01T23:08:53+00:00","0"
"false","0","1","0","0","","run-csZ3jfggeE6CCC34","cost_estimated","true","ws-QAHxd3dnHSXej9MS","0","","pthrasher_v2","prj-YKcLgkwh2QhLuvGT","Health","2","hashicorp/tls:4.0.3, hashicorp/aws:4.22.0","2","2","1.3.0","thrashr888/terraform-cert-example","2022-09-22T20:22:35+00:00","terraform-cert-example","1.3.0","2023-05-01T23:08:56+00:00","8"
"false","0","1","0","0","2023-07-10T00:26:20+00:00","run-EXjAYcgmssHYsEmu","applied","false","ws-N7wMMhH7itrfBFCK","0","","pthrasher_v2","prj-YKcLgkwh2QhLuvGT","Health","3","hashicorp/google:4.72.1, hashicorp/aws:5.7.0, hashicorp/azurerm:3.64.0","0","2","1.5.2","thrashr888/terraform-checks-examples","2023-07-09T22:33:06+00:00","terraform-checks-examples","1.5.2","2023-08-19T03:29:59+00:00","6"
"true","0","0","0","0","","run-yjqryMkEKnyQv6aS","cost_estimated","false","ws-8LZmw1JnrG9PB6xW","0","","pthrasher_v2","prj-CLTojP2MXNAzY3eo","Examples","1","hashicorp/null:3.1.1","0","1","1.3.1","thrashr888/terraform-env","2021-10-26T18:15:24+00:00","terraform-env","1.3.1","2023-04-24T18:09:20+00:00","1"
"","","","","","","run-8snbgbHTo1Be83zS","errored","false","ws-j8oABnVq9kyFzX3n","0","","pthrasher_v2","prj-CLTojP2MXNAzY3eo","Examples","0","","","","","thrashr888/terraform-fast","2017-10-12T17:53:08+00:00","terraform-fast","latest","2023-05-01T23:09:21+00:00","0"
"","","","","","","run-xNSMdW2753KBnQ77","errored","false","ws-4sUj5qdtw9C7KSYX","0","","pthrasher_v2","prj-TTEdNqvaSNegQijo","Cost Estimation","0","","","","","thrashr888/terraform-gcp-example","2021-10-27T16:48:27+00:00","terraform-gcp-example","1.0.9","2023-05-01T23:09:36+00:00","0"
"true","0","0","1","0","2022-09-22T22:27:07+00:00","run-UQAxKgYo3g5LqJ94","applied","true","ws-oXwyb8BweA2SssLk","0","","pthrasher_v2","prj-YKcLgkwh2QhLuvGT","Health","3","hashicorp/tls:4.0.3, hashicorp/aws:3.42.0, hashicorp/hcp:0.20.0","3","10","1.3.0","thrashr888/terraform-hcp-packer-example","2022-09-22T20:42:13+00:00","terraform-hcp-packer-example","1.3.0","2023-08-19T01:34:21+00:00","39"
"true","0","0","0","0","","run-jMXsJXvxCzVypzvC","discarded","true","ws-NwZzoxqx6KQV9Jv1","0","","pthrasher_v2","prj-YKcLgkwh2QhLuvGT","Health","1","hashicorp/aws:3.75.2","1","2","1.2.3","thrashr888/terraform-initial-d","2022-06-15T23:21:39+00:00","terraform-initial-d","1.2.3","2023-04-12T00:49:32+00:00","3"
"","","","","","","run-5D9UX6ESAxhMQmYK","errored","false","ws-p7NYqxRmAHoeD3Mu","0","","pthrasher_v2","prj-CLTojP2MXNAzY3eo","Examples","4","hashicorp/random:3.1.0, integrations/github:4.5.0, hashicorp/aws:3.29.1, hashicorp/null:3.1.0","","","0.15.5","thrashr888/terraform-kitchen-sink","2021-02-24T20:29:49+00:00","terraform-kitchen-sink","0.15.5","2023-05-01T23:10:00+00:00","204"
"","","","","","","","","false","ws-Pbw6pW1MEZRVJ3sR","0","","pthrasher_v2","prj-CLTojP2MXNAzY3eo","Examples","0","","","","","","2021-03-18T19:50:37+00:00","terraform-monorepo-example-a","0.14.8","2021-03-18T19:50:51+00:00","0"
"","","","","","","","","false","ws-zgDp8QDfZdoNtJdb","0","","pthrasher_v2","prj-CLTojP2MXNAzY3eo","Examples","0","","","","","","2021-03-18T19:51:14+00:00","terraform-monorepo-example-b","0.14.8","2021-03-18T19:51:14+00:00","0"
"","","","","","","","","false","ws-R9bUoDLWZa9q2h8c","0","","pthrasher_v2","prj-CLTojP2MXNAzY3eo","Examples","0","","","","","","2021-03-18T19:51:35+00:00","terraform-monorepo-example-c","0.14.8","2021-03-18T19:51:35+00:00","0"
"","","","","","","","","false","ws-XrFrgk183LAQoWyK","0","","pthrasher_v2","prj-CLTojP2MXNAzY3eo","Examples","0","","","","","","2021-03-18T19:55:53+00:00","terraform-monorepo-example-d","0.14.8","2021-03-18T19:55:53+00:00","0"
"true","0","0","0","0","2023-05-01T23:26:00+00:00","run-dCa9u91iMKtfVBAu","applied","false","ws-UmDpJWD3a19Zs6Yx","0","","pthrasher_v2","prj-CLTojP2MXNAzY3eo","Examples","1","hashicorp/random:3.5.1","0","0","0.14.5","thrashr888/terraform-outputs","2021-01-23T00:19:59+00:00","terraform-outputs","0.14.5","2023-05-01T23:26:00+00:00","1"
"","","","","","","run-skTSoXAscGaknf7p","errored","false","ws-45wzPq8mxVATHiKC","0","","pthrasher_v2","prj-YKcLgkwh2QhLuvGT","Health","0","","","","","thrashr888/terraform-postconditions-example","2022-09-21T22:57:16+00:00","terraform-postconditions-example","1.3.0","2023-05-01T23:25:57+00:00","0"
"true","0","0","0","0","2023-05-01T23:26:06+00:00","run-PVs2Kv9RJB2s4tjA","applied","false","ws-L5oNMhsD7PEphKzS","0","","pthrasher_v2","prj-CLTojP2MXNAzY3eo","Examples","1","hashicorp/random:3.4.3","0","1","1.4.6","thrashr888/terraform-random","2023-03-20T17:38:42+00:00","terraform-random","latest","2023-08-19T03:45:38+00:00","1"
"","","","","","","","","false","ws-JuMeX3PcCnMTnmCJ","0","","pthrasher_v2","prj-CLTojP2MXNAzY3eo","Examples","0","","","","","","2021-05-20T21:20:46+00:00","terraform-remote-backend-example","0.15.4","2021-05-20T21:21:02+00:00","0"
"","","","","","","run-fN9y7gpc3pntF2Wv","errored","false","ws-uN47bkCyKJyPSPhZ","0","","pthrasher_v2","prj-CLTojP2MXNAzY3eo","Examples","0","","","","0.10.7","thrashr888/terraform-slow","2017-10-12T17:56:40+00:00","terraform-slow","0.10.7","2023-07-24T16:45:21+00:00","0"
"true","0","0","0","0","","run-RXPYUWTzaCUiZ9QM","planned_and_finished","true","ws-VLUnFAd1oZC4f1e7","0","","pthrasher_v2","prj-CLTojP2MXNAzY3eo","Examples","0","","3","4","","thrashr888/terraform-vault-example","2021-08-27T23:43:23+00:00","terraform-vault-example","1.0.5","2023-05-01T23:27:06+00:00","7"
"","","","","","","","","false","ws-hxrQoSztt6KREeSV","0","","pthrasher_v2","prj-CLTojP2MXNAzY3eo","Examples","0","","","","","","2019-04-10T22:20:47+00:00","tfe-remote-backend-example","latest","2020-03-31T17:58:37+00:00","0"
"","","","","","","","","false","ws-ihZ2W4NjYBfoodnQ","0","","pthrasher_v2","prj-CLTojP2MXNAzY3eo","Examples","0","","","","","","2019-03-15T18:56:19+00:00","tf-random-BBS","0.11.13","2020-03-31T17:58:27+00:00","0"
"","","","","","","run-azZi3Epz13jDzBJw","errored","false","ws-5AF7pdbHgDhFUqLh","0","","pthrasher_v2","prj-CLTojP2MXNAzY3eo","Examples","0","","","","","thrashr888/tf-training","2017-10-12T18:00:20+00:00","tf-training","0.10.7","2023-05-01T23:26:54+00:00","0"
"","","","","","","run-9Yhk7jZLg7bTvzrv","errored","false","ws-A4dUdJBefMtrg5tC","0","","pthrasher_v2","prj-HsLh4zMuStY1tbAS","Personal","0","","","","","thrashr888/the-reg","2018-10-14T18:22:21+00:00","the-reg","0.11.8","2023-05-01T23:27:05+00:00","0"
